cluster_keep,cluster_drop,reason
DP130101651_lan-feng_dong,DP180103426_lan-feng_dong,same person different grants — Lan-Feng Dong cell biologist; ORCID 0000-0002-9857-6352; jaccard=1.0 shared=1 co-investigator
DP0774201_stephen_bell,DP1093035_stephen_bell,same person different grants — Stephen Bell UQ political economy; ORCID 0000-0001-8409-4419; jaccard=1.0 shared=1 co-investigator; confirmed via OAX A5002378301
DP0774201_stephen_bell,DP110100612_stephen_bell,"same person -- extends the existing DP0774201/DP1093035 Stephen Bell (UQ, political economy) merge; found as a 4u under-merge fragment (2026-08-24), same institution (UQ) and coherent applied economics/political science FOR profile across all four now-merged grants; ORCID 0000-0001-8409-4419."
DP0774201_stephen_bell,DP160100432_stephen_bell,"same person -- extends the existing DP0774201/DP1093035 Stephen Bell (UQ, political economy) merge; found as a 4u under-merge fragment (2026-08-24), same institution (UQ) and coherent applied economics/political science FOR profile across all four now-merged grants; ORCID 0000-0001-8409-4419."
DP0774201_stephen_bell,DP200100521_stephen_bell,"same person -- extends the existing DP0774201/DP1093035 Stephen Bell (UQ, political economy) merge; found as a 4u under-merge fragment (2026-08-24), same institution (UQ) and coherent applied economics/political science FOR profile across all four now-merged grants; ORCID 0000-0001-8409-4419."
DP110100091_michael_adams,DP150103356_michael_adams,same person different grants — Michael Adams BPM/information systems; ORCID 0000-0001-6918-4213; moved QUT→UMelb; jaccard=0.833 shared=5 co-investigators
DP110100091_michael_adams,DP120101624_michael_adams,"same person -- extends the existing DP110100091/DP150103356 Michael Adams (BPM/information systems, QUT->UMelb) merge; found as a 4u under-merge fragment (2026-08-24), same QUT/UMelb institution pattern and information-systems FOR code; ORCID 0000-0001-6918-4213."
FT130100778_xiaolin_wang,DP0345012_xiaolin_wang,"same person -- Distinguished Professor Xiaolin Wang, University of Wollongong, Director of the Institute for Superconducting and Electronic Materials, ARC Future Fellow (matches FT130100778 exactly), spintronics/advanced materials. ORCID 0000-0003-4150-0848 confirmed via his own Wikipedia page + UOW staff profile (user-supplied). 15 grants (2003-2023) all administered at University of Wollongong with a coherent condensed-matter-physics/materials-engineering/nanotechnology FOR profile -- found as the largest connected component in a same-institution+exact-full-given-name 4u under-merge sweep (2026-08-24)."
FT130100778_xiaolin_wang,DP0558753_xiaolin_wang,"same person -- see FT130100778_xiaolin_wang merge note; UOW, ORCID 0000-0003-4150-0848."
FT130100778_xiaolin_wang,DP0665873_xiaolin_wang,"same person -- see FT130100778_xiaolin_wang merge note; UOW, ORCID 0000-0003-4150-0848."
FT130100778_xiaolin_wang,DP0987190_xiaolin_wang,"same person -- see FT130100778_xiaolin_wang merge note; UOW, ORCID 0000-0003-4150-0848."
FT130100778_xiaolin_wang,DP1094073_xiaolin_wang,"same person -- see FT130100778_xiaolin_wang merge note; UOW, ORCID 0000-0003-4150-0848."
FT130100778_xiaolin_wang,DP130102956_xiaolin_wang,"same person -- see FT130100778_xiaolin_wang merge note; UOW, ORCID 0000-0003-4150-0848."
FT130100778_xiaolin_wang,DP140101501_xiaolin_wang,"same person -- see FT130100778_xiaolin_wang merge note; UOW, ORCID 0000-0003-4150-0848."
FT130100778_xiaolin_wang,DP170104116_xiaolin_wang,"same person -- see FT130100778_xiaolin_wang merge note; UOW, ORCID 0000-0003-4150-0848."
FT130100778_xiaolin_wang,DP190100150_xiaolin_wang,"same person -- see FT130100778_xiaolin_wang merge note; UOW, ORCID 0000-0003-4150-0848."
FT130100778_xiaolin_wang,DP230102221_xiaolin_wang,"same person -- see FT130100778_xiaolin_wang merge note; UOW, ORCID 0000-0003-4150-0848."
FT130100778_xiaolin_wang,LP0560280_xiaolin_wang,"same person -- see FT130100778_xiaolin_wang merge note; UOW, ORCID 0000-0003-4150-0848."
FT130100778_xiaolin_wang,LP0882282_xiaolin_wang,"same person -- see FT130100778_xiaolin_wang merge note; UOW, ORCID 0000-0003-4150-0848."
FT130100778_xiaolin_wang,LP0989352_xiaolin_wang,"same person -- see FT130100778_xiaolin_wang merge note; UOW, ORCID 0000-0003-4150-0848."
FT130100778_xiaolin_wang,LP200201096_xiaolin_wang,"same person -- see FT130100778_xiaolin_wang merge note; UOW, ORCID 0000-0003-4150-0848."
DP1095691_anthony_harris,DP200102295_anthony_harris,"same person -- local ORCID bulk snapshot: Anthony Howard Harris, ORCID 0000-0003-1641-3320, Monash University 1992-present, Director; both grants (2010, 2020) fall inside this employment window; coherent applied economics/econometrics FOR profile (matches a Monash health-economics researcher). Found as a same-institution exact-name-match 4u fragment (2026-08-24)."
DE160100750_paul_burke,DP0987357_paul_burke,"same person -- local ORCID bulk snapshot: Paul J. Burke, ORCID 0000-0003-2715-2672, Australian National University 2010-present, PhD (ANU) completed 2010; DE160100750 (2016 DECRA) falls cleanly inside this window. DP0987357 (2009) predates the recorded PhD-completion/employment start by a year -- plausibly a pre-completion research role, not treated as disqualifying since the field (applied economics/anthropology/policy, ANU) matches exactly and no conflicting evidence exists; flagged here for visibility rather than silently merged. Found as a same-institution exact-name-match 4u fragment (2026-08-24)."
DP0881509_paul_thomas,DP140103965_paul_thomas,"same person -- user-supplied ORCID 0000-0002-5002-5770: Paul Thomas, Professor (Reproduction and Development), University of Adelaide, 2006-present. All 5 grants (2008-2025) fall inside this employment window; coherent biochemistry/genetics/cell-biology FOR profile. Found as a same-institution exact-name-match 4u fragment (2026-08-24)."
DP0881509_paul_thomas,DP190102312_paul_thomas,same person -- see DP0881509_paul_thomas merge note; ORCID 0000-0002-5002-5770.
DP0881509_paul_thomas,DP250101115_paul_thomas,same person -- see DP0881509_paul_thomas merge note; ORCID 0000-0002-5002-5770.
DP0881509_paul_thomas,LP180100748_paul_thomas,same person -- see DP0881509_paul_thomas merge note; ORCID 0000-0002-5002-5770.
DP0557854_mark_baker,DP110102207_mark_baker,"same person -- user-supplied confirmation: Mark Scott Baker, Professor / Honorary Professor, Macquarie Medical School, mark.baker@mq.edu.au, ORCID 0000-0001-5858-4035. Resolves the earlier concern from the local ORCID bulk snapshot (whose self-reported affiliation list ended at UOW 1992-1998 with no listed return to Macquarie) -- the live Macquarie faculty page confirms current Macquarie affiliation directly; the ORCID record's own affiliation list was simply incomplete, not evidence of a different person. Coherent biochemistry/immunology/medical-biotechnology/nanotechnology FOR profile across all four grants (2004-2011), all Macquarie-administered. Found as a same-institution exact-name-match 4u fragment (2026-08-24)."
DP0557854_mark_baker,LP0455692_mark_baker,same person -- see DP0557854_mark_baker merge note; ORCID 0000-0001-5858-4035.
DP0557854_mark_baker,LP0561182_mark_baker,same person -- see DP0557854_mark_baker merge note; ORCID 0000-0001-5858-4035.
FT0991314_andrew_martin,DP0450555_andrew_martin,"same person -- Scientia Professor Andrew Martin, School of Education, UNSW (Professor of Educational Psychology since 2014 per ORCID 0000-0001-5504-392X, user-confirmed via his own UNSW faculty bio: motivation/engagement/achievement research, 12 ARC grants total). This merge unifies what the same-institution 4u sweep (2026-08-24) had split into 3 separate institution-based groups -- Western Sydney University (3 clusters, 2002-2006), University of Sydney (5 clusters, 2004-2009), UNSW (4 clusters, 2009-2018) -- a genuine career move WSU->Sydney->UNSW, not 3 different people; the bio's own '12 ARC grants' count matches this merge's 12 clusters exactly. ORCID has no employment listed before 2014 (pre-ORCID-era grants), consistent with typical ORCID record incompleteness for pre-2012 history, not evidence against the merge."
FT0991314_andrew_martin,DP0556084_andrew_martin,same person -- see FT0991314_andrew_martin merge note; ORCID 0000-0001-5504-392X.
FT0991314_andrew_martin,LP0776843_andrew_martin,same person -- see FT0991314_andrew_martin merge note; ORCID 0000-0001-5504-392X.
FT0991314_andrew_martin,LP0989687_andrew_martin,same person -- see FT0991314_andrew_martin merge note; ORCID 0000-0001-5504-392X.
FT0991314_andrew_martin,LP0990853_andrew_martin,same person -- see FT0991314_andrew_martin merge note; ORCID 0000-0001-5504-392X.
FT0991314_andrew_martin,DP0986689_andrew_martin,same person -- see FT0991314_andrew_martin merge note; ORCID 0000-0001-5504-392X.
FT0991314_andrew_martin,DP140104294_andrew_martin,same person -- see FT0991314_andrew_martin merge note; ORCID 0000-0001-5504-392X.
FT0991314_andrew_martin,LP170100253_andrew_martin,same person -- see FT0991314_andrew_martin merge note; ORCID 0000-0001-5504-392X.
FT0991314_andrew_martin,LP0219302_andrew_martin,same person -- see FT0991314_andrew_martin merge note; ORCID 0000-0001-5504-392X.
FT0991314_andrew_martin,LP0455500_andrew_martin,same person -- see FT0991314_andrew_martin merge note; ORCID 0000-0001-5504-392X.
FT0991314_andrew_martin,LP0669256_andrew_martin,same person -- see FT0991314_andrew_martin merge note; ORCID 0000-0001-5504-392X.
DP0210140_benjamin_smith,DP0665664_benjamin_smith,"same person -- Benjamin Richard Smith, anthropologist, Honorary Visiting Fellow University of Manchester / Visiting Fellow CAEPR (Centre for Aboriginal Economic Policy Research, ANU); research on native title, Indigenous land claims, Cape York Peninsula (user-supplied biography). DP0210140 (2002, ANU, Anthropology/Policy and administration) and DP0665664 (2006, ANU, Anthropology/Aboriginal and Torres Strait Islander peoples) match this exactly; no ORCID found (biography-only confirmation, same precedent as DP0343717_david_walker). Explicitly NOT merged with the third cluster originally grouped alongside these two, DP220103371_benjamin_smith (2022, WSU/ANU, Ecology/Climate change/Plant biology) -- a 16-year gap and completely disjoint field indicate a different person, plausibly Benjamin Smith, Professor of Ecosystem Science / Director of Research, Hawkesbury Institute for the Environment (WSU) since 2018, ORCID 0000-0002-6987-5337 (found via local ORCID bulk snapshot but not itself applied here, since it wasn't the cluster under review). Found as a same-institution exact-name-match 4u fragment (2026-08-24); correctly NOT bulk-merged as a 3-cluster group despite the institution/name pattern matching, per the working discipline of checking each case rather than trusting the grouping heuristic alone."
DP0209045_frank_pate,LP0219387_frank_pate,"same person, same grant LP0219387 -- announcement snapshot lists ""A/Prof Donald Pate (CI)"" (Flinders University), current snapshot lists ""Prof Frank Pate (CI)"" (Flinders University), same investigator slot, same co-investigators (Walshe, Leader-Elliott, Bass) both snapshots. Confirmed via live ORCID 0000-0002-0238-0217 lookup: name variants on record are ""F. Donald Pate / Donald Pate / Frank Donald Pate"", Professor at Flinders University -- exact match. Never auto-merged because merge_persons_by_orcid() correctly skips first-initial-mismatched pairs (D vs F) as a safety guard; found via 01a_diagnose.py's B1 check (2026-08-21 fresh run) after the ARC-only/OAX-enriched pipeline split."
LP130101008_andrew_bell,LP0560400_colin_bell,"same person -- ORCID 0000-0003-2731-9858 (present directly in raw ARC data on LP130101008_andrew_bell; reached LP0560400_colin_bell via a weaker au_match-confidence enrichment search) resolves via the ORCID Public API to given=""Colin"" family=""Bell"", with other-names explicitly listing ""Andrew Colin Bell"" -- the record itself confirms both given-name forms belong to one person (Head of School, Deakin University). Never auto-merged because merge_persons_by_orcid() skips first-initial-mismatched pairs (A vs C) as a safety guard; found via 01a_diagnose.py's B1 check (2026-08-21 fresh run)."
LP0775520_leesa_costello,LP0990807_leesa_costello,"same person -- ""Leesa Costello (nee Bonniface)"" is directly listed as a co-investigator on LP0990807 itself (the very grant LP0990807_leesa_costello is built from), alongside a separate ""Leesa Bonniface"" row on the same grant; both Edith Cowan University (I12079687), same field (Communication and media studies), ORCID 0000-0003-1139-3228 on the confirmed cluster. 4u review 2026-08-26."
DP1095691_anthony_harris,LP150100680_anthony_harris,"same person -- shared co-investigator ""Duncan Mortimer"" (no ORCID on file, but exact name match, not a common name) appears on both DP1095691 (Applied economics) and LP150100680 (Health services and systems) -- consistent with a health economist publishing under both FOR codes. NOT merged with the third ""Anthony Harris"" cluster in the same pool, DP170103094 (Applied and developmental psychology, Sydney/UNSW, ORCID 0000-0002-8617-4962) -- different co-investigators (Kevin Spencer, Thomas Whitford, no overlap), different ORCID, different institution: a separate real person. Institution overlap alone was NOT used as evidence here (both DP1095691 and LP150100680 are multi-investigator grants -- 3 and 6 investigators respectively -- so a grant's admin_org cannot be safely attributed to any one specific co-investigator; shared co-investigator identity was the actual basis for this merge). 4u review 2026-08-26."
LP0454996_richard_jones,LP0348535_richard_jones,"same person -- ORCID 0000-0003-2083-6473 (Richard Glen Jones), Australian filmmaker/researcher, QUT Creative Industries Faculty, led two separate ARC Linkage projects: ""Online Visual Counselling Tools"" (Kids Helpline, CI/lead creative) and ""Intelligent Learning Objects"" (1st CI/writer/director) -- matches both clusters being separate LP-scheme grants at QUT, one (LP0454996) also carrying a University of Melbourne affiliation matching his Film Victoria Executive Producer work. Field ""Screen and digital media"" matches his entire career. 4u review 2026-08-26."
DP0345667_john_evans,DP0663282_john_evans,"same person, biography-only confirmation (no ORCID exists -- same precedent as DP0343717_david_walker) -- Adjunct Professor John H Evans, spinal mechanics/bioengineering researcher, Professor and Founding Director of the Centre for Rehabilitation Science and Engineering, Queensland University of Technology, 1997-2002 (matches both grants' QUT admin_org and ""Biomedical engineering"" field exactly); continuing as CI on QUT grants in 2003 (DP0345667) and 2006 (DP0663282), after his formal directorship, consistent with ""over forty years of experience"" before later retiring to the UK. 4u review 2026-08-26."
DP0342607_ying_zhu,DP120102002_ying_zhu,"same person -- both grants share the exact same two co-investigators, Michael Webber and John Benson, across two separate grants 9 years apart (University of Melbourne 2003 -> University of South Australia 2012), consistent with the same trio of collaborators moving institutions together. ORCID 0000-0002-9611-287X already on file for the DP0342607 cluster. 4u review 2026-08-26."
DP250102495_jennifer_smith-merry,LP0560740_jennifer_smith,"same person, user-confirmed via ORCID 0000-0002-6705-2652 (Jen Smith-Merry, Professor of Health and Social Policy, University of Sydney, ARC Laureate Fellow) -- her own bio states PhD Social Policy, University of Queensland, matching LP0560740 (UQ, 2005, disability/community-services context with co-investigators Karen Healy/Margot Rawsthorne/Geoffrey Woolcock -- all UQ social work/policy researchers). Career trajectory: UQ PhD/early career -> Edinburgh/Menzies postdoc -> University of Sydney from 2011, Director Centre for Disability Research and Policy 2018-2024 -- consistent with DP250102495s 2025 disability-studies consortium grant. 4u review 2026-08-26."
LP0669061_jun_li,LP0990845_jun_li,"same person, user-confirmed via ORCID 0000-0001-7652-9988 -- a real 2020 co-authored paper (""Role of microbial diversity for sustainable pyrite oxidation control in acid and metalliferous drainage prevention,"" Journal of Hazardous Materials) lists contributors Short, Michael D / Schumann, Russell C / Smart, Roger St C / Gerson, Andrea R / Li, Jun, University of South Australia -- exactly the co-investigator chain linking all 5 UniSA fragments (LP0669061/LP0990845/LP130100568 via Smart+Schumann; LP110200326/LP110200376/LP130100568 via Gerson; LP130100568 via Short). Confirms the internal co-investigator-chain inference. 4u review 2026-08-26."
LP0669061_jun_li,LP110200326_jun_li,"same person, user-confirmed via ORCID 0000-0001-7652-9988 -- a real 2020 co-authored paper (""Role of microbial diversity for sustainable pyrite oxidation control in acid and metalliferous drainage prevention,"" Journal of Hazardous Materials) lists contributors Short, Michael D / Schumann, Russell C / Smart, Roger St C / Gerson, Andrea R / Li, Jun, University of South Australia -- exactly the co-investigator chain linking all 5 UniSA fragments (LP0669061/LP0990845/LP130100568 via Smart+Schumann; LP110200326/LP110200376/LP130100568 via Gerson; LP130100568 via Short). Confirms the internal co-investigator-chain inference. 4u review 2026-08-26."
LP0669061_jun_li,LP110200376_jun_li,"same person, user-confirmed via ORCID 0000-0001-7652-9988 -- a real 2020 co-authored paper (""Role of microbial diversity for sustainable pyrite oxidation control in acid and metalliferous drainage prevention,"" Journal of Hazardous Materials) lists contributors Short, Michael D / Schumann, Russell C / Smart, Roger St C / Gerson, Andrea R / Li, Jun, University of South Australia -- exactly the co-investigator chain linking all 5 UniSA fragments (LP0669061/LP0990845/LP130100568 via Smart+Schumann; LP110200326/LP110200376/LP130100568 via Gerson; LP130100568 via Short). Confirms the internal co-investigator-chain inference. 4u review 2026-08-26."
LP0669061_jun_li,LP130100568_jun_li,"same person, user-confirmed via ORCID 0000-0001-7652-9988 -- a real 2020 co-authored paper (""Role of microbial diversity for sustainable pyrite oxidation control in acid and metalliferous drainage prevention,"" Journal of Hazardous Materials) lists contributors Short, Michael D / Schumann, Russell C / Smart, Roger St C / Gerson, Andrea R / Li, Jun, University of South Australia -- exactly the co-investigator chain linking all 5 UniSA fragments (LP0669061/LP0990845/LP130100568 via Smart+Schumann; LP110200326/LP110200376/LP130100568 via Gerson; LP130100568 via Short). Confirms the internal co-investigator-chain inference. 4u review 2026-08-26."
DP0557854_mark_baker,LP0776387_mark_baker,"same person, user-confirmed -- Prof Mark Baker (Macquarie University, ORCID 0000-0001-5858-4035, proteomics, Director of a national research facility) held a connected UNSW appointment via that facility-director role at the time of LP0776387 (2007-era UNSW grant, co-investigators Guilhaus/Raftery/Cavicchioli/Kyrpides/Richardson/Sava/Thomas -- proteomics/genomics-adjacent, plausible facility-user collaborators rather than direct co-authors, which is why no co-authorship signal was found earlier). Previously left as an open, unconfirmed lead (see the DP110100984_mark_baker confirmed-distinct row from the same session) pending this specific confirmation. 4u review 2026-08-26."
LP0560329_david_evans,LP0668904_david_evans,"same person, user-confirmed via ORCID 0000-0001-8765-9227 (""D. Evan Evans"" / observed name variants D. E. Evans, D.E Evans, D.E. Evans, David Evan Evans -- exact match to the grant records own ""David Evans"") -- observed institutions University of Tasmania, University of Adelaide, Forestry Tasmania (direct match to LP0560329/LP0668904/LP0774886s own University of Tasmania admin_org). Published work confirms the field match decisively: malt/barley fermentability, diastatic power enzymes, wort production, beer foam quality (Journal of the American Society of Brewing Chemists / Journal of the Institute of Brewing, 1999-2005) -- brewing/malting cereal chemistry, a genuine fit for the grants Crop and pasture production FOR code (malting barley is a crop-science-adjacent food-science specialty). Supported by strong internal evidence too: all three grants share the same institution and the same PI (Douglas/Doug Stewart) across three consecutive years (2005-2007). 4u review 2026-08-26."
LP0560329_david_evans,LP0774886_david_evans,"same person, user-confirmed via ORCID 0000-0001-8765-9227 (""D. Evan Evans"" / observed name variants D. E. Evans, D.E Evans, D.E. Evans, David Evan Evans -- exact match to the grant records own ""David Evans"") -- observed institutions University of Tasmania, University of Adelaide, Forestry Tasmania (direct match to LP0560329/LP0668904/LP0774886s own University of Tasmania admin_org). Published work confirms the field match decisively: malt/barley fermentability, diastatic power enzymes, wort production, beer foam quality (Journal of the American Society of Brewing Chemists / Journal of the Institute of Brewing, 1999-2005) -- brewing/malting cereal chemistry, a genuine fit for the grants Crop and pasture production FOR code (malting barley is a crop-science-adjacent food-science specialty). Supported by strong internal evidence too: all three grants share the same institution and the same PI (Douglas/Doug Stewart) across three consecutive years (2005-2007). 4u review 2026-08-26."
