unique_id,wrong_orcid,correct_orcid,notes
DP230100688_ChienMingWang,0000-0002-8147-7673,,"Grant-by-grant investigation (2026-08-21) found this ORCID on 7 separate 'Chien Ming Wang' records, not just DP170104546 as first found. ORCID 0000-0002-8147-7673 resolves via the ORCID Public API to Wenhui Duan (given=Wen Hui family=Duan), no trace of Wang in any name field. Recurrence across 7 grants for Wang (vs Duan's own 10 legitimate grants under the same ORCID) is consistent with a persistent error in ARC's own investigator record for Wang, not a series of independent one-off typos. Wang's own correct ORCID is not known -- field nulled, not substituted. Confirmed 2026-08-21."
DP190102983_ChienMingWang,0000-0002-8147-7673,,"Grant-by-grant investigation (2026-08-21) found this ORCID on 7 separate 'Chien Ming Wang' records, not just DP170104546 as first found. ORCID 0000-0002-8147-7673 resolves via the ORCID Public API to Wenhui Duan (given=Wen Hui family=Duan), no trace of Wang in any name field. Recurrence across 7 grants for Wang (vs Duan's own 10 legitimate grants under the same ORCID) is consistent with a persistent error in ARC's own investigator record for Wang, not a series of independent one-off typos. Wang's own correct ORCID is not known -- field nulled, not substituted. Confirmed 2026-08-21."
DP170104546_ChienMingWang,0000-0002-8147-7673,,"Grant-by-grant investigation (2026-08-21) found this ORCID on 7 separate 'Chien Ming Wang' records, not just DP170104546 as first found. ORCID 0000-0002-8147-7673 resolves via the ORCID Public API to Wenhui Duan (given=Wen Hui family=Duan), no trace of Wang in any name field. Recurrence across 7 grants for Wang (vs Duan's own 10 legitimate grants under the same ORCID) is consistent with a persistent error in ARC's own investigator record for Wang, not a series of independent one-off typos. Wang's own correct ORCID is not known -- field nulled, not substituted. Confirmed 2026-08-21."
IH150100006_ChienMingWang,0000-0002-8147-7673,,"Grant-by-grant investigation (2026-08-21) found this ORCID on 7 separate 'Chien Ming Wang' records, not just DP170104546 as first found. ORCID 0000-0002-8147-7673 resolves via the ORCID Public API to Wenhui Duan (given=Wen Hui family=Duan), no trace of Wang in any name field. Recurrence across 7 grants for Wang (vs Duan's own 10 legitimate grants under the same ORCID) is consistent with a persistent error in ARC's own investigator record for Wang, not a series of independent one-off typos. Wang's own correct ORCID is not known -- field nulled, not substituted. Confirmed 2026-08-21."
DP160100119_ChienMingWang,0000-0002-8147-7673,,"Grant-by-grant investigation (2026-08-21) found this ORCID on 7 separate 'Chien Ming Wang' records, not just DP170104546 as first found. ORCID 0000-0002-8147-7673 resolves via the ORCID Public API to Wenhui Duan (given=Wen Hui family=Duan), no trace of Wang in any name field. Recurrence across 7 grants for Wang (vs Duan's own 10 legitimate grants under the same ORCID) is consistent with a persistent error in ARC's own investigator record for Wang, not a series of independent one-off typos. Wang's own correct ORCID is not known -- field nulled, not substituted. Confirmed 2026-08-21."
DP130100109_ChienMingWang,0000-0002-8147-7673,,"Grant-by-grant investigation (2026-08-21) found this ORCID on 7 separate 'Chien Ming Wang' records, not just DP170104546 as first found. ORCID 0000-0002-8147-7673 resolves via the ORCID Public API to Wenhui Duan (given=Wen Hui family=Duan), no trace of Wang in any name field. Recurrence across 7 grants for Wang (vs Duan's own 10 legitimate grants under the same ORCID) is consistent with a persistent error in ARC's own investigator record for Wang, not a series of independent one-off typos. Wang's own correct ORCID is not known -- field nulled, not substituted. Confirmed 2026-08-21."
DP110101095_ChienMingWang,0000-0002-8147-7673,,"Grant-by-grant investigation (2026-08-21) found this ORCID on 7 separate 'Chien Ming Wang' records, not just DP170104546 as first found. ORCID 0000-0002-8147-7673 resolves via the ORCID Public API to Wenhui Duan (given=Wen Hui family=Duan), no trace of Wang in any name field. Recurrence across 7 grants for Wang (vs Duan's own 10 legitimate grants under the same ORCID) is consistent with a persistent error in ARC's own investigator record for Wang, not a series of independent one-off typos. Wang's own correct ORCID is not known -- field nulled, not substituted. Confirmed 2026-08-21."
LP230200690_TraceyBunda,0000-0001-7013-2090,,"Grant-by-grant investigation (2026-08-21) found this ORCID on 8 separate 'Tracey Bunda' records, not just DP240100968 as first found -- LP230200690, DP240100968, CE230100027, SR200200902, LE100100079, LE0989090, LE0882507, DI0560542. Re-verified directly against the ORCID Public API (forced refresh, not cache): 0000-0001-7013-2090 resolves unambiguously to Alexandra Lasczik -- given=Alexandra family=Lasczik, employment history 'Southern Cross University, Professor/Associate Dean since 2011' (matches DP240100968's own admin_org exactly), other_names all 'Alexandra'/'Lexi Cutcher' forms, zero trace of Bunda anywhere. The recurrence across 8 of Bunda's own grants is NOT evidence she owns this ORCID (unlike the Kashem/Muttaqi case, where recurrence was the primary evidence and ORCID's own record was uninformative) -- here the ORCID record itself is unambiguous and independently verifiable, so recurrence instead indicates a persistent error in ARC's own investigator profile record for Bunda that propagated across her whole grant history, not 8 independent typos. Tracey Bunda is a known, distinct Indigenous-studies scholar; her own correct ORCID is not known -- field nulled, not substituted. Confirmed 2026-08-21."
DP240100968_TraceyBunda,0000-0001-7013-2090,,"Grant-by-grant investigation (2026-08-21) found this ORCID on 8 separate 'Tracey Bunda' records, not just DP240100968 as first found -- LP230200690, DP240100968, CE230100027, SR200200902, LE100100079, LE0989090, LE0882507, DI0560542. Re-verified directly against the ORCID Public API (forced refresh, not cache): 0000-0001-7013-2090 resolves unambiguously to Alexandra Lasczik -- given=Alexandra family=Lasczik, employment history 'Southern Cross University, Professor/Associate Dean since 2011' (matches DP240100968's own admin_org exactly), other_names all 'Alexandra'/'Lexi Cutcher' forms, zero trace of Bunda anywhere. The recurrence across 8 of Bunda's own grants is NOT evidence she owns this ORCID (unlike the Kashem/Muttaqi case, where recurrence was the primary evidence and ORCID's own record was uninformative) -- here the ORCID record itself is unambiguous and independently verifiable, so recurrence instead indicates a persistent error in ARC's own investigator profile record for Bunda that propagated across her whole grant history, not 8 independent typos. Tracey Bunda is a known, distinct Indigenous-studies scholar; her own correct ORCID is not known -- field nulled, not substituted. Confirmed 2026-08-21."
CE230100027_TraceyBunda,0000-0001-7013-2090,,"Grant-by-grant investigation (2026-08-21) found this ORCID on 8 separate 'Tracey Bunda' records, not just DP240100968 as first found -- LP230200690, DP240100968, CE230100027, SR200200902, LE100100079, LE0989090, LE0882507, DI0560542. Re-verified directly against the ORCID Public API (forced refresh, not cache): 0000-0001-7013-2090 resolves unambiguously to Alexandra Lasczik -- given=Alexandra family=Lasczik, employment history 'Southern Cross University, Professor/Associate Dean since 2011' (matches DP240100968's own admin_org exactly), other_names all 'Alexandra'/'Lexi Cutcher' forms, zero trace of Bunda anywhere. The recurrence across 8 of Bunda's own grants is NOT evidence she owns this ORCID (unlike the Kashem/Muttaqi case, where recurrence was the primary evidence and ORCID's own record was uninformative) -- here the ORCID record itself is unambiguous and independently verifiable, so recurrence instead indicates a persistent error in ARC's own investigator profile record for Bunda that propagated across her whole grant history, not 8 independent typos. Tracey Bunda is a known, distinct Indigenous-studies scholar; her own correct ORCID is not known -- field nulled, not substituted. Confirmed 2026-08-21."
SR200200902_TraceyBunda,0000-0001-7013-2090,,"Grant-by-grant investigation (2026-08-21) found this ORCID on 8 separate 'Tracey Bunda' records, not just DP240100968 as first found -- LP230200690, DP240100968, CE230100027, SR200200902, LE100100079, LE0989090, LE0882507, DI0560542. Re-verified directly against the ORCID Public API (forced refresh, not cache): 0000-0001-7013-2090 resolves unambiguously to Alexandra Lasczik -- given=Alexandra family=Lasczik, employment history 'Southern Cross University, Professor/Associate Dean since 2011' (matches DP240100968's own admin_org exactly), other_names all 'Alexandra'/'Lexi Cutcher' forms, zero trace of Bunda anywhere. The recurrence across 8 of Bunda's own grants is NOT evidence she owns this ORCID (unlike the Kashem/Muttaqi case, where recurrence was the primary evidence and ORCID's own record was uninformative) -- here the ORCID record itself is unambiguous and independently verifiable, so recurrence instead indicates a persistent error in ARC's own investigator profile record for Bunda that propagated across her whole grant history, not 8 independent typos. Tracey Bunda is a known, distinct Indigenous-studies scholar; her own correct ORCID is not known -- field nulled, not substituted. Confirmed 2026-08-21."
LE100100079_TraceyBunda,0000-0001-7013-2090,,"Grant-by-grant investigation (2026-08-21) found this ORCID on 8 separate 'Tracey Bunda' records, not just DP240100968 as first found -- LP230200690, DP240100968, CE230100027, SR200200902, LE100100079, LE0989090, LE0882507, DI0560542. Re-verified directly against the ORCID Public API (forced refresh, not cache): 0000-0001-7013-2090 resolves unambiguously to Alexandra Lasczik -- given=Alexandra family=Lasczik, employment history 'Southern Cross University, Professor/Associate Dean since 2011' (matches DP240100968's own admin_org exactly), other_names all 'Alexandra'/'Lexi Cutcher' forms, zero trace of Bunda anywhere. The recurrence across 8 of Bunda's own grants is NOT evidence she owns this ORCID (unlike the Kashem/Muttaqi case, where recurrence was the primary evidence and ORCID's own record was uninformative) -- here the ORCID record itself is unambiguous and independently verifiable, so recurrence instead indicates a persistent error in ARC's own investigator profile record for Bunda that propagated across her whole grant history, not 8 independent typos. Tracey Bunda is a known, distinct Indigenous-studies scholar; her own correct ORCID is not known -- field nulled, not substituted. Confirmed 2026-08-21."
LE0989090_TraceyBunda,0000-0001-7013-2090,,"Grant-by-grant investigation (2026-08-21) found this ORCID on 8 separate 'Tracey Bunda' records, not just DP240100968 as first found -- LP230200690, DP240100968, CE230100027, SR200200902, LE100100079, LE0989090, LE0882507, DI0560542. Re-verified directly against the ORCID Public API (forced refresh, not cache): 0000-0001-7013-2090 resolves unambiguously to Alexandra Lasczik -- given=Alexandra family=Lasczik, employment history 'Southern Cross University, Professor/Associate Dean since 2011' (matches DP240100968's own admin_org exactly), other_names all 'Alexandra'/'Lexi Cutcher' forms, zero trace of Bunda anywhere. The recurrence across 8 of Bunda's own grants is NOT evidence she owns this ORCID (unlike the Kashem/Muttaqi case, where recurrence was the primary evidence and ORCID's own record was uninformative) -- here the ORCID record itself is unambiguous and independently verifiable, so recurrence instead indicates a persistent error in ARC's own investigator profile record for Bunda that propagated across her whole grant history, not 8 independent typos. Tracey Bunda is a known, distinct Indigenous-studies scholar; her own correct ORCID is not known -- field nulled, not substituted. Confirmed 2026-08-21."
LE0882507_TraceyBunda,0000-0001-7013-2090,,"Grant-by-grant investigation (2026-08-21) found this ORCID on 8 separate 'Tracey Bunda' records, not just DP240100968 as first found -- LP230200690, DP240100968, CE230100027, SR200200902, LE100100079, LE0989090, LE0882507, DI0560542. Re-verified directly against the ORCID Public API (forced refresh, not cache): 0000-0001-7013-2090 resolves unambiguously to Alexandra Lasczik -- given=Alexandra family=Lasczik, employment history 'Southern Cross University, Professor/Associate Dean since 2011' (matches DP240100968's own admin_org exactly), other_names all 'Alexandra'/'Lexi Cutcher' forms, zero trace of Bunda anywhere. The recurrence across 8 of Bunda's own grants is NOT evidence she owns this ORCID (unlike the Kashem/Muttaqi case, where recurrence was the primary evidence and ORCID's own record was uninformative) -- here the ORCID record itself is unambiguous and independently verifiable, so recurrence instead indicates a persistent error in ARC's own investigator profile record for Bunda that propagated across her whole grant history, not 8 independent typos. Tracey Bunda is a known, distinct Indigenous-studies scholar; her own correct ORCID is not known -- field nulled, not substituted. Confirmed 2026-08-21."
DI0560542_TraceyBunda,0000-0001-7013-2090,,"Grant-by-grant investigation (2026-08-21) found this ORCID on 8 separate 'Tracey Bunda' records, not just DP240100968 as first found -- LP230200690, DP240100968, CE230100027, SR200200902, LE100100079, LE0989090, LE0882507, DI0560542. Re-verified directly against the ORCID Public API (forced refresh, not cache): 0000-0001-7013-2090 resolves unambiguously to Alexandra Lasczik -- given=Alexandra family=Lasczik, employment history 'Southern Cross University, Professor/Associate Dean since 2011' (matches DP240100968's own admin_org exactly), other_names all 'Alexandra'/'Lexi Cutcher' forms, zero trace of Bunda anywhere. The recurrence across 8 of Bunda's own grants is NOT evidence she owns this ORCID (unlike the Kashem/Muttaqi case, where recurrence was the primary evidence and ORCID's own record was uninformative) -- here the ORCID record itself is unambiguous and independently verifiable, so recurrence instead indicates a persistent error in ARC's own investigator profile record for Bunda that propagated across her whole grant history, not 8 independent typos. Tracey Bunda is a known, distinct Indigenous-studies scholar; her own correct ORCID is not known -- field nulled, not substituted. Confirmed 2026-08-21."
LP220200211_EnidGallagher,0000-0003-4290-9186,,"Grant LP220200211 (Warlpiri cultural-heritage/songlines project, USyd admin) lists both Georgia Curran (CI) and Enid Gallagher (PI, community-partner role) with the identical ORCID in both snapshots. ORCID 0000-0003-4290-9186 resolves to Georgia Curran alone. Externally confirmed as two distinct real people via a co-authored publication with separate institutional emails (georgia.curran@sydney.edu.au / enid.gallagher1@education.nt.gov.au). User confirmed Gallagher has no ORCID of her own at all. Note: Gallagher's PI role is out of KEEP_ROLES scope, so this correction is currently inert (her row never enters clustering) -- kept for documentation completeness and in case scope ever changes. Confirmed 2026-08-20."
DP150102405_WeiLiu,0000-0002-7409-0948,,"Found 2026-08-21 while re-checking whether ORCID employment-mismatch splits were being silently undone by merge_persons_by_orcid() (the same mechanism that undid a wrongful DE220100530_WeiWei split): ARC's raw data records this SAME ORCID directly on DP150102405 (Sydney, Language studies) as well as the two RMIT AI/software-engineering grants. The ORCID itself belongs to Associate Professor Wei Liu, School of Physics, Mathematics and Computing (Computer Science and Software Engineering), UWA Data Institute Deputy Director -- confirmed via his real UWA faculty page. A CS/software-engineering professor being a genuine co-investigator on a literary-translation-studies grant (co-investigators Meng Ji/Roberto Togneri plus international translation scholars Gert De Sutter/Jorge Diaz Cintas) is professionally implausible; far more likely this is the same class of ARC-side copy-paste ORCID error already confirmed elsewhere in this project (Wang/Duan, Bunda/Lasczik). Nulled here so clustering doesn't re-merge this record with the genuine RMIT Wei Liu via shared ORCID; the RMIT records keep the ORCID untouched. His own correct ORCID (if he has one at all) is not known for this record -- field nulled, not substituted."
