cluster_id,orcid
DP0451043_susan_o'connor,0000-0001-9381-078X
DP0343994_terence_o'neill,0000-0001-6485-6965
DP0452137_jeffery_malpas,0000-0003-4378-8937
DP110100881_theodorus_sloots,0000-0003-1643-1908
DP170102529_philip_bland,0000-0002-4681-7898
DP0209045_frank_pate,0000-0002-0238-0217
DP130101651_lan-feng_dong,0000-0002-9857-6352
DP0774201_stephen_bell,0000-0001-8409-4419
DP110100091_michael_adams,0000-0001-6918-4213
DP0556160_michael_hooker,0009-0002-0867-7713
DE220100417_jathan_sadowski,0000-0002-0324-708X
DE200100121_ben_scheele,0000-0001-7284-629X
DP240100968_tracey_bunda,0000-0001-6824-8713
DP200100524_liang_wang,0000-0001-5723-9053
DP0209460_david_miller,0000-0003-0291-9531
DP0984755_yong_wang,0000-0002-9893-8296
DE150101655_yang_song,0000-0003-1283-1672
DP160101934_qing_wang,0000-0001-9504-4273
DP210102705_wei_shi,0000-0003-1182-7735
DP0342607_ying_zhu,0000-0002-9611-287X
LP0882758_michael_walsh,0000-0002-2748-9753
DP200101970_zhi-yong_li,0000-0002-6814-9165
FT130100778_xiaolin_wang,0000-0003-4150-0848
DP1095691_anthony_harris,0000-0003-1641-3320
DE160100750_paul_burke,0000-0003-2715-2672
DP0881509_paul_thomas,0000-0002-5002-5770
DP0557854_mark_baker,0000-0001-5858-4035
FT0991314_andrew_martin,0000-0001-5504-392X
DP220103371_benjamin_smith,0000-0002-6987-5337
DP0210446_robert_gilbert,0000-0001-6988-114X
DP160100119_jian_zhao,0000-0001-9829-784X
LP160100828_robert_evans,0000-0003-1998-2537
LP0776270_anne_jones,0000-0002-4556-9159
DP1093572_j_green,0000-0001-6333-8007
LP0454996_richard_jones,0000-0003-2083-6473
DP250102495_jennifer_smith-merry,0000-0002-6705-2652
LP0669061_jun_li,0000-0001-7652-9988
LP0560329_david_evans,0000-0001-8765-9227
LP160100259_william_coffey,0000-0003-0520-2982
DE130100153_thomas_pryce,0000-0002-7290-141X
