cluster_id,split,n_grants,names,orcids,institutions,for_names,grant_ids,confirmed_different_people,notes
DP0449696_david_williams,3,12,David WILLIAMS; David Williams,,The Australian National University; The University of Queensland; The University of Melbourne,Applied Mathematics; Civil Engineering; Macromolecular and Materials Chemistry; Medical Physiology; Physical Geography and Environmental Geoscience; Physiology; Resources Engineering and Extractive Metallurgy,DP210102224_david_williams; DP0450458_david_williams; DP0449696_david_williams; LP0348766_david_williams; LP0212910_david_williams; DP0772781_david_williams; DP0770955_david_williams; DP0664428_david_williams; LP160101066_david_williams; LP110201102_david_williams; LP0989735_david_williams; DP0986574_david_williams,,
DP0663854_gregory_hearn,1,11,Gregory Hearn,,Queensland University of Technology; The University of Melbourne,"Communication and Media Studies; Film, Television and Digital Media; Information Systems; Policy and Administration",LP0349078_gregory_hearn; LP0219438_gregory_hearn; LP0882274_gregory_hearn; LP0776341_gregory_hearn; DP0663854_gregory_hearn; LP0669617_gregory_hearn; LP0454996_gregory_hearn; LP0453652_gregory_hearn; LP160101724_gregory_hearn; LP100100232_gregory_hearn; LP0991136_gregory_hearn,,
DP0346315_cordelia_selomulya,1,10,Cordelia Selomulya,,The University of New South Wales; Monash University,Biomedical Engineering; Chemical Engineering; Food Sciences,LP210200831_cordelia_selomulya; DP200100642_cordelia_selomulya; DP250101468_cordelia_selomulya; DP0346315_cordelia_selomulya; DP150101058_cordelia_selomulya; FT140101256_cordelia_selomulya; LP140100922_cordelia_selomulya; LP130101142_cordelia_selomulya; DP120101194_cordelia_selomulya; LP100200579_cordelia_selomulya,,
DP0450363_raymond_frost,1,8,Raymond Frost,,Queensland University of Technology; The University of Queensland; Macquarie University,Chemical Engineering; Civil Engineering; Environmental Engineering; Food Sciences; Physical Chemistry (Incl. Structural); Resources Engineering and Extractive Metallurgy,DP0450363_raymond_frost; LP0219712_raymond_frost; LP0235258_raymond_frost; LP0776793_raymond_frost; LP0668224_raymond_frost; DP160102879_raymond_frost; LP140100182_raymond_frost; DP0987953_raymond_frost,,
DP0209001_christopher_cunneen,1,7,Christopher Cunneen,,University of Technology Sydney; The University of Sydney; The University of New South Wales; James Cook University,Criminology; Law,DP0209001_christopher_cunneen; DP0877331_christopher_cunneen; DP180101152_christopher_cunneen; DP170100893_christopher_cunneen; DP130100184_christopher_cunneen; DP130101121_christopher_cunneen; LP100200455_christopher_cunneen,,
DP0209724_jetse_kalma,1,7,Jetse Kalma,,The University of Melbourne; Monash University; The University of Newcastle,Civil Engineering; Environmental Engineering; Other Agricultural and Veterinary Sciences; Physical Geography and Environmental Geoscience,DP0209724_jetse_kalma; LP0211929_jetse_kalma; LP0211206_jetse_kalma; DP0879212_jetse_kalma; DP0557543_jetse_kalma; DP0556941_jetse_kalma; LP0455476_jetse_kalma,,
DP0345648_bradley_sherman,1,7,Bradley Sherman,,Griffith University; The University of Queensland,Communication and Media Studies; Law,LP0348051_bradley_sherman; LP0347898_bradley_sherman; DP0345648_bradley_sherman; LP0347496_bradley_sherman; FL150100104_bradley_sherman; DP120101434_bradley_sherman; DP0987639_bradley_sherman,,
DP0343094_gerard_milburn,1,7,Gerard Milburn,,The University of Queensland; The University of New South Wales,"Atomic, Molecular, Nuclear, Particle and Plasma Physics; Mathematical Physics; Optical Physics; Philosophy; Quantum Physics",DP250102035_gerard_milburn; FF0348393_gerard_milburn; DP0343094_gerard_milburn; FF0776191_gerard_milburn; DP150101863_gerard_milburn; DP0986932_gerard_milburn; DP0985142_gerard_milburn,,
DP0773175_rick_krever,1,7,Rick Krever,,The University of Sydney; University of Tasmania; The University of Western Australia; The University of New South Wales; Monash University,"Accounting, Auditing and Accountability; Commercial Law; Law; Policy and Administration",DP230100702_rick_krever; DP0773175_rick_krever; DP180101837_rick_krever; DP180100167_rick_krever; DP130100281_rick_krever; LP120100183_rick_krever; LP110200267_rick_krever,,
DP0208021_richard_terrell,1,7,Richard Terrell,,The Australian National University; Bond University,"Banking, Finance and Investment; Statistics",DP0208021_richard_terrell; DP0770081_richard_terrell; DP0558202_richard_terrell; LP0562008_richard_terrell; DP1092801_richard_terrell; LP0989811_richard_terrell; LP0883801_richard_terrell,,
DP0346027_valeri_ougrinovski,1,6,Valeri Ougrinovski,,The Australian National University; The University of New South Wales,Applied Mathematics; Electrical and Electronic Engineering; Mechanical Engineering,DP200102945_valeri_ougrinovski; DP0346027_valeri_ougrinovski; DP140101779_valeri_ougrinovski; DP120102152_valeri_ougrinovski; DP110102322_valeri_ougrinovski; DP0987369_valeri_ougrinovski,,
DP0559547_matthew_bellgard,1,6,Matthew Bellgard,,The University of Queensland; Murdoch University,Animal Production; Artificial Intelligence and Image Processing; Computation Theory and Mathematics; Veterinary Sciences,LP0348441_matthew_bellgard; LP0562640_matthew_bellgard; DP0559547_matthew_bellgard; LP0561961_matthew_bellgard; LP120200836_matthew_bellgard; LP0883837_matthew_bellgard,,
DP0450957_cecil_coady,1,6,Cecil Coady,,Charles Sturt University; The University of Melbourne; The University of New South Wales; Monash University,Applied Ethics; Philosophy; Political Science,DP240102082_cecil_coady; DP0770545_cecil_coady; DP0450957_cecil_coady; DP190101597_cecil_coady; DP130103658_cecil_coady; DP1096301_cecil_coady,,
DP0346487_gavin_birch,1,5,Gavin Birch,,The University of Sydney; The University of New South Wales,Ecology; Environmental Science and Management; Other Chemical Sciences; Physical Geography and Environmental Geoscience,DP0346487_gavin_birch; DP0560023_gavin_birch; LP0455486_gavin_birch; LP130100364_gavin_birch; LP0991037_gavin_birch,,
DP0559004_graham_schaffer,2,5,Graham Schaffer,,The University of Queensland; The University of Melbourne; Swinburne University of Technology,Materials Engineering; Sociology,LP200301355_graham_schaffer; LP180100122_graham_schaffer; DP0559004_graham_schaffer; LP0455125_graham_schaffer; DP0986042_graham_schaffer,,
DP0451045_quentin_parker,1,5,Quentin Parker,,The Australian National University; Macquarie University,Astronomical and Space Sciences; Curriculum and Pedagogy,DP0772283_quentin_parker; DP0451045_quentin_parker; DP120104416_quentin_parker; DP120103751_quentin_parker; LP0989264_quentin_parker,,
DE120102003_melanie_randle,1,5,Melanie Randle,,Deakin University; University of Wollongong,Marketing; Public Health and Health Services,DP210101983_melanie_randle; DP190100695_melanie_randle; LP170100690_melanie_randle; LP150100476_melanie_randle; DE120102003_melanie_randle,,
LP100100481_john_van leeuwen,1,5,John van Leeuwen,,Griffith University; University of South Australia; The University of New South Wales,Chemical Engineering; Civil Engineering; Environmental Science and Management; Materials Engineering,LP160100217_john_van leeuwen; LP110200208_john_van leeuwen; LP110100459_john_van leeuwen; LP100100481_john_van leeuwen; LP100100616_john_van leeuwen,,
DP150104006_jonathon_olley,1,5,Jonathon Olley,,Griffith University; The University of Queensland,Archaeology; Ecological Applications; Physical Geography and Environmental Geoscience,LP170100789_jonathon_olley; DP150104006_jonathon_olley; LP140100419_jonathon_olley; LP120200093_jonathon_olley; LP130100748_jonathon_olley,,
DP0343334_michael_morwood,1,5,Michael Morwood,,University of Wollongong; The University of New England; Macquarie University,Archaeology; Geology,DP0343334_michael_morwood; DP0770234_michael_morwood; DP1093342_michael_morwood; LP0991845_michael_morwood; DP1093049_michael_morwood,,
DP0451254_gregory_baxter,1,4,Gregory Baxter,,The University of Queensland; The University of Melbourne; Victoria University,Communications Technologies; Ecological Applications; Optical Physics,DP0878268_gregory_baxter; DP0773999_gregory_baxter; LP0882090_gregory_baxter; DP0451254_gregory_baxter,,
DP0345299_jeremy_woolley,1,4,Jeremy Woolley,,University of South Australia; The University of New South Wales,Civil Engineering; Environmental Engineering; Psychology,LP0347911_jeremy_woolley; DP0345299_jeremy_woolley; DP0453339_jeremy_woolley; LP130100270_jeremy_woolley,,
DP0878447_gregory_acciaioli,1,4,Gregory Acciaioli,,Murdoch University; The University of Western Australia; Macquarie University,Anthropology; Law; Other Studies In Human Society; Policy and Administration,DP0878447_gregory_acciaioli; DP0880961_gregory_acciaioli; DP170100747_gregory_acciaioli; DP130100051_gregory_acciaioli,,
DP0559655_desley_connell,1,4,Desley Connell,,Queensland University of Technology; The University of Queensland,Building; Other Chemical Sciences; Public Health and Health Services,LP0349155_desley_connell; DP0559655_desley_connell; LP0453669_desley_connell; DP1095752_desley_connell,,
DP0211298_timothy_turpin,1,3,Timothy Turpin,,University of Wollongong; Western Sydney University,Business and Management; Policy and Administration,LP0347328_timothy_turpin; DP0211298_timothy_turpin; LP0455124_timothy_turpin,,
DP0210446_rulande_rutgers,1,3,Rulande Rutgers,,The University of Sydney; The University of Queensland,Food Sciences; Materials Engineering,LP0211915_rulande_rutgers; DP0210446_rulande_rutgers; LP0453529_rulande_rutgers,,
DE130101453_nicholas_porch,1,3,Nicholas Porch,,The Australian National University; Deakin University,Archaeology; Environmental Management; Zoology,LP230100176_nicholas_porch; DP0878694_nicholas_porch; DE130101453_nicholas_porch,,
DP0342588_warren_sun,1,3,Warren Sun,,The University of Sydney; Monash University,Historical Studies; Political Science,DP0342588_warren_sun; DP0878618_warren_sun; DP130101765_warren_sun,,
DP0343998_alexander_rubinov,2,3,Alexander Rubinov,,Federation University Australia; The University of New South Wales,Applied Mathematics; Architecture; Numerical and Computational Mathematics,DP0343998_alexander_rubinov; DP0450151_alexander_rubinov; LP0669752_alexander_rubinov,,
DP0663060_h_brennan,1,3,H Brennan,,The Australian National University; The University of Melbourne,Law; Political Science,DP210100924_h_brennan; DP0663060_h_brennan; DP120101507_h_brennan,,
DP0880637_cecily_freemantle,1,3,Cecily Freemantle,,The University of Melbourne; Monash University; The University of Adelaide,Law; Public Health and Health Services,DP0880637_cecily_freemantle; LP0882394_cecily_freemantle; LP120100160_cecily_freemantle,,
DP0663834_mike_bambach,1,3,Mike Bambach,,The University of Sydney; The University of New South Wales,Automotive Engineering; Civil Engineering; Public Health and Health Services,DP0663834_mike_bambach; DP170104916_mike_bambach; LP110100069_mike_bambach,,
DP0771059_david_trimm,1,3,David Trimm,,CSIRO; The University of Western Australia; The University of New South Wales,Chemical Engineering; Microbiology; Resources Engineering and Extractive Metallurgy,FF0345082_david_trimm; LP0776928_david_trimm; DP0771059_david_trimm,,
DP0664279_gregory_missingham,1,3,Gregory Missingham,,Western Sydney University; RMIT University,Architecture; Design Practice and Management; Law,LP0882179_gregory_missingham; LP0776248_gregory_missingham; DP0664279_gregory_missingham,,
DP0773299_eric_vos,1,3,Eric Vos,,The University of Sydney; Deakin University; Monash University,Applied Economics; Public Health and Health Services,DP0773299_eric_vos; LP100200057_eric_vos; LP100100158_eric_vos,,
DP220100584_thinethavone_soutphommasane,1,3,Thinethavone Soutphommasane,,The University of Sydney; The University of Melbourne; Monash University,Archaeology; Historical Studies; Sociology,DP220100584_thinethavone_soutphommasane; DP230100033_thinethavone_soutphommasane; LP110100264_thinethavone_soutphommasane,,
DP0559547_rudi_appels,1,3,Rudi Appels,,Murdoch University; The University of Western Australia,Computation Theory and Mathematics; Crop and Pasture Production,LP0669766_rudi_appels; DP0559547_rudi_appels; LP100200085_rudi_appels,,
DP0559497_gerhard_gallery,1,3,Gerhard Gallery,,Queensland University of Technology; The University of New South Wales,"Accounting, Auditing and Accountability; Law",DP0559497_gerhard_gallery; LP110200616_gerhard_gallery; LP100200573_gerhard_gallery,,
DP230102963_ravendra_naidu,1,3,Ravendra (Ravi) Naidu; Ravendra Naidu,,University of South Australia; The University of Newcastle,Chemical Engineering; Environmental Science and Management; Materials Engineering,DP230102963_ravendra_naidu; LP220100375_ravendra_naidu; LP0455739_ravendra_naidu,,
DP150104066_susan_skinner,1,3,Susan Skinner,,The University of Sydney; Western Sydney University,Communication and Media Studies; Gender Studies; Public Health and Health Services,DP200102051_susan_skinner; DP240101695_susan_skinner; DP150104066_susan_skinner,,
LP0667925_jonathan_osborn,2,3,Jonathan Osborn,,Griffith University; University of Tasmania,Archaeology; Civil Engineering,LP190100194_jonathan_osborn; LP0667925_jonathan_osborn; LP100100700_jonathan_osborn,,
DP140100360_marcus_hockings,1,3,Marcus Hockings,,The University of Queensland; Charles Darwin University,Curatorial and Related Studies; Environmental Science and Management; Policy and Administration,LP0667672_marcus_hockings; DP140100360_marcus_hockings; LP120200125_marcus_hockings,,
DP110100881_theodorus_sloots,1,2,Theodorus Sloots,,The University of Sydney; The University of Queensland,Microbiology; Sociology,DP110100881_theodorus_sloots; LP0884126_theodorus_sloots,,
DP0666786_jennifer_burn,1,2,Jennifer Burn,,University of Technology Sydney; Griffith University,Historical Studies; Law,DP0666786_jennifer_burn; DP140101793_jennifer_burn,,
DP0663579_margaret_bulbeck,1,2,Margaret Bulbeck,,Murdoch University; The University of Adelaide,Historical Studies; Other Studies In Human Society,DP0663579_margaret_bulbeck; LP0561707_margaret_bulbeck,,
DP110103081_kevin_kiernan,1,2,Kevin Kiernan,,The University of Queensland; The University of New England,Archaeology; Physical Geography and Environmental Geoscience,DP120102316_kevin_kiernan; DP110103081_kevin_kiernan,,
DP220100585_terese_henning,1,2,Terese Henning,,University of Tasmania; The University of New South Wales,Criminology; Law,DP220100585_terese_henning; LP0349240_terese_henning,,
DP140103679_valentijn_pauwels,1,2,Valentijn Pauwels,,The Australian National University; Monash University,Civil Engineering; Environmental Science and Management,DP140103679_valentijn_pauwels; FT130100545_valentijn_pauwels,,
LP0667764_gregory_battye,1,2,Gregory Battye,,University of Canberra; Western Sydney University,Architecture; Law,LP0776248_gregory_battye; LP0667764_gregory_battye,,
LP0209909_timothy_horberry,1,2,Timothy Horberry,,The University of Queensland; Monash University,Psychology; Transportation and Freight Services,LP0348431_timothy_horberry; LP0209909_timothy_horberry,,
LP0990541_roger_braddock,1,2,Roger Braddock,,Griffith University; Curtin University,Mechanical Engineering; Transportation and Freight Services,LP140100919_roger_braddock; LP0990541_roger_braddock,,
LP0990631_goen_ho,1,2,Goen Ho,,Murdoch University; Curtin University,Environmental Biotechnology; Urban and Regional Planning,LP100200380_goen_ho; LP0990631_goen_ho,,
LP110100088_david_cahir,1,2,David Cahir,,The Australian National University; Federation University Australia,"Heritage, Archive and Museum Studies; Historical Studies",LP220100215_david_cahir; LP110100088_david_cahir,,
LP120200130_mathieu_savelsbergh,1,2,Mathieu (Martin) Savelsbergh,,The University of Melbourne; The University of Newcastle,Applied Mathematics; Geomatic Engineering,LP140101000_mathieu_savelsbergh; LP120200130_mathieu_savelsbergh,,
